incidentid,weapontype
19700105DCHIW,Handgun
19700105DCSOW,Handgun
19700105DCUNW,Handgun
19700206OHJOC,Handgun
19700323CADAL,Handgun
19700415ARPIP,Multiple Handguns
19700422DEPIW,Handgun
19700508FLCAD,Handgun
19700515UTBEO,Handgun
19700828TXRIE,Handgun
19700831FLALM,Rifle
19700914TNHAN,Rifle
19700924IDMEM,Handgun
19700928IACED,Unknown
19701005MIPOD,Handgun
19701019TNBOM,Handgun
19701020TNWAN,Handgun
19701027OHAPM,Handgun
19701120ILHAC,Handgun
19701212WIXAA,Handgun
19710202PAMOP,Handgun
19710205PAJOW,Handgun
19710210TXOAD,Shotgun
19710225OHFRC,Rifle
19710309AZROT,Handgun
19710405PAWIH,Handgun
19710527MIBES,Handgun
19710602NYEAE,Handgun
19710820PAMOM,Handgun
19710909TXDUL,Handgun
19710924NYMCB,Handgun
19710928MNCEM,Unknown
19710929VAPEP,Handgun
19711028MDCIB,Handgun
19711029MDFOB,Rifle
19711029MDFRB,Handgun
19711103NMCAC,Rifle
19711108OKGRT,Handgun
19711124MDEDB,Handgun
19711206CALOL,Handgun
19711213MDCAB,Handgun
19720105DCPAW,Handgun
19720124OHSTS,Handgun
19720126MDGWB,Handgun
19720126MDHAB,Rifle
19720214ILCAC,Handgun
19720215ILKEC,Handgun
19720228CAMAL,Handgun
19720313TXUNH,Handgun
19720412LAEAG,Unknown
19720504NVLIR,Handgun
19720505INDEI,Handgun
19720914TXFRH,Handgun
19720915MISAS,Unknown
19720919TXCUH,Handgun
19720921OHTHA,Handgun
19721111CAJEL,Unknown
19721127MIPOP,Unknown
19721129FLMIM,Unknown
19730105NCSOS,Handgun
19730118CAJOL,Handgun
19730131NCCUB,Handgun
19730212ALBOM,Handgun
19730226VAARR,Handgun
19730405CALOL,Handgun
19730501OHRAY,Handgun
19730928CAWIL,Handgun
19731002ILELA,Handgun
19731019MOBES,Unknown
19731023MOSUS,Unknown
19731023OHBAB,Handgun
19731024MNCEM,Shotgun
19731031MONOS,Shotgun
19731108ILWOC,Handgun
19731109CALOL,Unknown
19731206CAFRL,Handgun
19731213OHHUC,Handgun
19740117ILBAC,Handgun
19740117ILBAC,Handgun
19740122CALOL,Unknown
19740207CAJAO,Handgun
19740322INBRB,Rifle
19740402CTSTB,Other
19740510TNCHR,Handgun
19740519FLHIO,Rifle
19740923CAJED,Handgun
19740925CASAL,Handgun
19741007LADEH,Handgun
19741021MDDOB,Handgun
19741118SCCAC,Unknown
19741121ARBOL,Handgun
19741125SCCAC,Handgun
19741218CAMAL,Handgun
19741230NYOLO,Unknown
19750207NYBOM,Handgun
19750224NJSTP,Shotgun
19750312TXJOH,Handgun
19750318MOSUS,Unknown
19750321OHPAD,Handgun
19750321VAFAR,Rifle
19750515MOROS,Handgun
19750527MIPID,Rifle
19750709ILDEC,Unknown
19750711MOCES,Handgun
19750911OKGRO,Unknown
19751001NMHEA,Handgun
19751024GAMUA,Handgun
19751218CAORS,Rifle
19760101AZCAP,Rifle
19760123OHCOC,Handgun
19760206FLESP,Unknown
19760212MIMUD,Handgun
19760412TXODF,Handgun
19760513MOMAS,Handgun
19760514FLPAW,Handgun
19760602MDMTC,Unknown
19760920NCGUG,Shotgun
19761110MIBUD,Handgun
19761210MOFRS,Handgun
19770113ILOLB,Handgun
19770209ILFEC,Handgun
19770228MOROS,Unknown
19770228TXHOA,Handgun
19770308ILCOE,Handgun
19770321NYPAH,Rifle
19770407TXWHW,Handgun
19770418TNPIN,Handgun
19770517FLSTC,Rifle
19770622ILHOC,Unknown
19770711COSOC,Handgun
19771129MOHAS,Rifle
19771129MOVAS,Unknown
19771209CAPES,Handgun
19771212FLWEW,Handgun
19771215MABLC,Unknown
19780111KYCHH,Handgun
19780209WVHAS,Handgun
19780222MIEVL,Handgun
19780309CAMOS,Rifle
19780329TNGAN,Handgun
19780414MIFOD,Handgun
19780426TXPAD,Handgun
19780428ILRIN,Handgun
19780518TXMUA,Rifle
19780519PADOP,Multiple Rifles
19780607DEDOD,Handgun
19780610MAWEW,Handgun
19781017ALLAL,Handgun
19781017MOUNU,Handgun
19781129NYPAN,Handgun
19781214CTWIN,Handgun
19790129CAGRS,Rifle
19790314FLMCM,Handgun
19790328CALOL,Handgun
19790416WIWIM,Shotgun
19790425PAMAH,Rifle
19790426TXAZA,Handgun
19790614OHNEN,Handgun
19790926LACAN,Handgun
19790928MACHC,Rifle
19791023MOOFS,Handgun
19791105INWAI,Handgun
19791130TXUNL,Handgun
19791203MDEAB,Handgun
19791221MOBLS,Handgun
19800107ARSTS,Handgun
19800129VALAW,Handgun
19800201DCLAW,Handgun
19800207TXVAL,Handgun
19800211INARI,Handgun
19800215MSHUM,Handgun
19800320TXJLD,Handgun
19800331MDFRB,Handgun
19800417VACAC,Handgun
19800530NYCLB,Handgun
19800902CAWHL,Shotgun
19800908FLFOJ,Handgun
19800910DCSPW,Handgun
19800911ALJOM,Handgun
19800926CTBRB,Rifle
19801013ALCET,Handgun
19801031ALHUH,Handgun
19801117TXEAF,Handgun
19801212ALPAB,Handgun
19801212OHLOL,Handgun
19810121OHWIB,Handgun
19810122MDFRB,Handgun
19810210ARLIL,Handgun
19810210CAMAL,Shotgun
19810303INMAI,Handgun
19810328FLDIF,Handgun
19810402OHALC,Handgun
19810407MSPOP,Unknown
19810515LANEN,Handgun
19810901PAWIP,Handgun
19810904NMHOS,Handgun
19810908FLSTW,Handgun
19810913MDABA,Handgun
19811013CTHAH,Handgun
19811209NYGEB,Handgun
19811216TXUNH,Handgun
19811223NYJAB,Handgun
19820205TNHAM,Handgun
19820208MADOD,Handgun
19820209LAJON,Unknown
19820315ORSPS,Handgun
19820317OHLOL,Handgun
19820319NVVAL,Handgun
19820407CODEL,Handgun
19820415MDFOB,Handgun
19820429GARUE,Rifle
19820430FLANA,Handgun
19820527NVGAL,Other
19820910VALAB,Unknown
19820915ARSOP,Handgun
19821101NYELE,Handgun
19821108MICOD,Handgun
19821112MSWIJ,Shotgun
19821206ALHUH,Handgun
19821220MIFID,Handgun
19830118TXJOH,Handgun
19830120MOPAB,Handgun
19830120MOPAB,Handgun
19830128MDWIB,Handgun
19830130TXWEC,Handgun
19830131FLDED,Handgun
19830201TNRIM,Handgun
19830202NMALA,Unknown
19830331ILSAC,Handgun
19830421MOBES,Unknown
19830516NYBRN,Rifle
19830516TXLAD,Handgun
19830518FLNOM,Handgun
19830523OHMAM,Handgun
19830526PAGRJ,Handgun
19830912CAMAC,Multiple Handguns
19830912MIHED,Handgun
19830921MDWAB,Handgun
19830930TXTET,Unknown
19831007CACOL,Handgun
19831022MDCAB,Other
19831108MIHIH,Handgun
19831117ILJAC,Handgun
19831118MDHAB,Handgun
19831202INCRC,Handgun
19831216ILBOR,Handgun
19840105MDLAB,Handgun
19840206KYCEL,Handgun
19840221TXSHH,Handgun
19840224CA49L,Rifle
19840224CA49L,Shotgun
19840224CA49L,Shotgun
19840405LACLC,Handgun
19840420MIPRD,Handgun
19840426NCROW,Handgun
19840515MTCMG,Rifle
19840517IASOP,Handgun
19840517TXBOH,Handgun
19840518CANON,Shotgun
19840522OHCLC,Handgun
19840710MIMUD,Unknown
19840831LABOS,Handgun
19840928TXMIH,Rifle
19840928TXRIN,Unknown
19841021PAWYE,Other
19841022MICED,Handgun
19841024MISOD,Handgun
19841024OHWEC,Handgun
19841030SCPEP,Handgun
19841031LAEAG,Handgun
19841109CTWIN,Handgun
19841126MDMIR,Handgun
19841207MOEDS,Unknown
19850118TXARA,Shotgun
19850121KSGOG,Handgun
19850121KSGOG,Rifle
19850126MASTB,Handgun
19850205CTAIH,Handgun
19850416TXMAA,Handgun
19850516FLPAB,Handgun
19850724TXHIH,Handgun
19850904VAEAR,Handgun
19850909TXWHH,Handgun
19850920TXLAC,Handgun
19850925OHTRT,Handgun
19851008MDLAB,Handgun
19851018MIMUD,Shotgun
19851022OHSOG,Handgun
19851126WASPS,Rifle
19851127ALCHB,Handgun
19851203NHCOC,Shotgun
19851209PAARP,Other
19851210CTPOP,Handgun
19860109NCNOD,Handgun
19860117CAVAL,Handgun
19860129MDLAB,Handgun
19860224LABOS,Handgun
19860306ILTHD,Handgun
19860423FLCHM,Handgun
19860429MOSES,Shotgun
19860509NCPIF,Handgun
19860515GACAA,Rifle
19860517TNMAN,Handgun
19860912CAFAL,Handgun
19860918CABEB,Handgun
19861003CAMOM,Handgun
19861008TXSOD,Handgun
19861204MTFEL,Unknown
19870114CALOL,Handgun
19870123MIRED,Unknown
19870210ARDAD,Rifle 
19870213AZORM,Unknown
19870224NYMON,Handgun
19870302MODED,Handgun
19870306TXRIE,Unknown
19870330CAPAS,Handgun
19870416MIMUD,Handgun
19870430ORGRP,Handgun
19870503INPII,Handgun
19870506ARMAJ,Handgun
19870506FLLET,Handgun
19870513ILOAO,Handgun
19870928ILILL,Handgun
19871014ILDUC,Handgun
19871030NCSOK,Handgun
19871104MISOD,Handgun
19871114FLCLC,Handgun
19871130TXPES,Handgun
19871202FLENJ,Handgun
19871204NYEAN,Handgun
19871215NYGRB,Unknown
19871216TXMAK,Handgun
19880105PASPS,Handgun
19880106FLGAT,Handgun
19880108PACRM,Handgun
19880120LASIR,Handgun
19880129TXREA,Unknown
19880202ALWET,Unknown
19880211FLPIL,Handgun
19880211FLPIL,Handgun
19880226RIBRB,Handgun
19880304MILED,Unknown
19880323CACAS,Unknown
19880324TXTRA,Other
19880505ILMAC,Handgun
19880516FLFOF,Handgun
19880520ILHUW,Handgun
19880520ILHUW,Handgun
19880520ILHUW,Handgun
19880531NYPUB,Unknown
19880602MSWIJ,Handgun
19880617MIJOD,Handgun
19880630HIAIO,Handgun
19880710WISIM,Other
19880711MSLAJ,Handgun
19880831MICED,Multiple Handguns
19880831SCWEA,Handgun
19880902GAGLA,Handgun
19880902NCGAC,Handgun
19880903TXLID,Handgun
19880922ILMOC,Handgun
19880926SCOAG,Handgun
19881003FLMAM,Rifle
19881004FLJEJ,Handgun
19881004LAISB,Unknown
19881005MDEDB,Handgun
19881006ALMOM,Handgun
19881007MDSOB,Handgun
19881007TXDIP,Handgun
19881101FLPAJ,Handgun
19881107UTGLS,Handgun
19881122TXABA,Handgun
19881216VAATV,Handgun
19890105ARHEL,Handgun
19890117CACLS,Handgun
19890117CACLS,Rifle
19890126DCWOW,Handgun
19890210UTTHK,Handgun
19890303INWIG,Handgun
19890426TXAMD,Handgun
19890911AZDYE,Handgun
19890918KYJAM,Shotgun
19891005CALOA,Handgun
19891005CALOA,Shotgun
19891031TXOLD,Other
19891113NYALN,Handgun
19891115TXWOA,Handgun
19891122CACHO,Handgun
19891204LACAS,Unknown
19891205PASEM,Handgun
19891205TXWWD,Handgun
19891212SCCHC,Handgun
19900116RICEP,Unknown
19900220OHTAC,Handgun
19900327NYNEB,Handgun
19900403TXSKD,Handgun
19900504CAMOE,Handgun
19900520TNHIC,Unknown
19900531TXSUF,Handgun
19900824NCMYC,Handgun
19900827NVELL,Handgun
19900827TXWHD,Handgun
19900911TXSAS,Handgun
19900922ALLEB,Handgun
19901002TXWHD,Handgun
19901029INCHC,Handgun
19901030TXNAG,Handgun
19901213LASAS,Unknown
19910108TXRIR,Handgun
19910117TXHOD,Handgun
19910219LABON,Handgun
19910313ALSES,Handgun
19910314SCWOP,Unknown
19910325NCGAC,Unknown
19910411SCNOR,Handgun
19910423CARAC,Unknown
19910423MSHUB,Handgun
19910510OHFRC,Handgun
19910516KSCOK,Rifle
19910521CAROS,Handgun
19910521FLSCP,Handgun
19910722CAWEL,Handgun
19910730CAENC,Handgun
19910913TXMAH,Handgun
19910917ILWOC,Handgun
19910918TXCRC,Handgun
19911002TXSPH,Handgun
19911004CADOL,Handgun
19911004CAROL,Handgun
19911009NYJAB,Handgun
19911011MAMAR,Handgun
19911015NHMOS,Rifle
19911015SCWOW,Handgun
19911015TXGEP,Rifle
19911023TXOAD,Handgun
19911106LAWAN,Handgun
19911111TXYSE,Handgun
19911114TXMIH,Handgun
19911125NYTHB,Handgun
19911226NCWHW,Handgun
19920128LAFRG,Handgun
19920131LAFRG,Handgun
19920206OKDOO,Unknown
19920207VABON,Handgun
19920226NYTHB,Handgun
19920305OHHAO,Handgun
19920331LAOPA,Handgun
19920409FLFOF,Handgun
19920417TXLID,Unknown
19920501CALIO,Rifle
19920501CALIO,Shotgun
19920514CASIN,Handgun
19920514TXHUH,Handgun
19920529CAVEL,Unknown
19920606CAMEM,Handgun
19920911TXPAA,Handgun
19920928CAHIS,Handgun
19920930TXHOH,Shotgun
19921013AZDET,Handgun
19921019NYEVB,Rifle
19921104MIFID,Unknown
19921104MIMAD,Unknown
19921104MIMUD,Handgun
19921110ILSHC,Handgun
19921113TXLAC,Handgun
19921116ALFAB,Handgun
19921120ILTIC,Handgun
19921124ALROM,Handgun
19921130ILORC,Handgun
19921203ILWOC,Handgun
19921214NYWAW,Handgun
19930105NYBRB,Unknown
19930112FLNOM,Handgun
19930118KYEAG,Handgun
19930121CAFAL,Handgun
19930201NYAMA,Handgun
19930201WARER,Unknown
19930204GACLA,Handgun
19930208DCWAW,Handgun
19930208MNMIM,Rifle
19930222CAREL,Handgun
19930226MAGLG,Unknown
19930308VADOD,Handgun
19930318GAHAH,Handgun
19930325MOSUS,Handgun
19930403CAGRS,Shotgun
19930415MAFOA,Shotgun
19930416CAGRS,Handgun
19930416WAMOT,Handgun
19930514TXNII,Handgun
19930524PAUPP,Handgun
19930527LAFRN,Handgun
19930707CADOL,Handgun
19930803NYTHN,Handgun
19930831GAHAA,Handgun
19930901KSJUJ,Handgun
19930902TXROD,Handgun
19930916ILROC,Unknown
19930917ILDOD,Handgun
19930917WYCES,Unknown
19930925DCWEW,Handgun
19930928MSCOG,Handgun
19931012DEDON,Handgun
19931018DCJHW,Handgun
19931101ILSUC,Handgun
19931104CTNEN,Unknown
19931104FLTEJ,Handgun
19931104MSBAB,Unknown
19931111ILRIS,Handgun
19931201WIWAW,Unknown
19931202CTNEN,Unknown
19931208GABES,Handgun
19931215CACHS,Handgun
19931217MICHC,Handgun
19940120CALOH,Unknown
19940121TXKEK,Rifle
19940124SCEAC,Handgun
19940126DCELW,Unknown
19940126DCPAW,Handgun
19940127CAWAS,Unknown
19940131WAWHS,Rifle
19940208MIOSD,Unknown
19940218SCSPS,Handgun
19940301MOKEB,Shotgun
19940303ALENB,Handgun
19940309DCEAW,Handgun
19940315SCGOC,Unknown
19940323WABAS,Unknown
19940325GAETC,Handgun
19940405TXMCA,Handgun
19940408MDLAU,Handgun
19940412MTMAB,Handgun
19940413CA49L,Handgun
19940419DCELW,Unknown
19940420INDIS,Handgun
19940421TNJTN,Handgun
19940502FLNON,Handgun
19940525INLAS,Handgun
19940525NJLAW,Handgun
19940526KYLAU,Handgun
19940724PAMAM,Unknown
19940725IAOTO,Handgun
19940907CAHOL,Unknown
19940908NYSWA,Handgun
19940919CALOL,Unknown
19940922ORLEL,Handgun
19941012NCGRG,Unknown
19941017ILHUC,Handgun
19941031CAALA,Handgun
19941105CATHS,Handgun
19941107OHWIW,Unknown
19941108IAWEM,Unknown
19941115WASTT,Handgun
19950105DCCAW,Handgun
19950110FLPAP,Handgun
19950112WAGAS,Handgun
19950123CASAR,Shotgun
19950124DCSPW,Handgun
19950202CAJOL,Handgun
19950208NECHS,Handgun
19950303MIPED,Handgun
19950327MIRED,Handgun
19950614FLLAL,Handgun
19950829TXMEL,Shotgun
19950912TNCYM,Handgun
19950914KSOLO,Handgun
19950915KYGEW,Multiple Handguns
19950927ALBLP,Handgun
19950929FLTAT,Handgun
19951012SCBLB,Handgun
19951023FLLAC,Handgun
19951030VAJOR,Handgun
19951102FLBLM,Unknown
19951115TNRIL,Rifle
19951128NYTHN,Handgun
19960102PAGIG,Unknown
19960119DCWIW,Unknown
19960126TNEAM,Handgun
19960202WAFRM,Handgun
19960202WAFRM,Handgun
19960202WAFRM,Rifle
19960208CAMIM,Unknown
19960222GAJES,Handgun
19960229MOBES,Handgun
19960311NCNON,Handgun
19960319NVSWL,Other
19960411ALTAT,Shotgun
19960415DCMCW,Unknown
19960514UTBIT,Handgun
19960522CACOC,Handgun
19960604CAWEH,Unknown
19960726CAJOL,Handgun
19960925GADED,Unknown
19961002PASMP,Unknown
19961004CASTP,Unknown
19961009ARJAS,Unknown
19961014MOSUS,Unknown
19961127CAHIS,Handgun
19970108NYCRN,Handgun
19970127FLCOW,Handgun
19970206MSWIJ,Handgun
19970213NYMOB,Handgun
19970213NYSAB,Handgun
19970219AKBEB,Shotgun
19970220FLFIJ,Handgun
19970221NVRAL,Handgun
19970317MIPED,Handgun
19970403CAMAM,Unknown
19970428CAJOL,Handgun
19970430NYCIN,Unknown
19970513FLNOM,Handgun
19970520OHDUD,Handgun
19970624ALJEM,Handgun
19971001MSPEP,Rifle
19971005OKMOO,Handgun
19971010INWAG,Handgun
19971014TXLAG,Handgun
19971015FLLIP,Shotgun
19971020CAMCO,Unknown
19971022CAJON,Handgun
19971107FLRIJ,Handgun
19971113CACRS,Handgun
19971201KYHEW,Unknown
19971201KYHEW,Shotgun
19971201KYHEW,Shotgun
19971215ARSTS,Rifle
19980212NJHOH,Handgun
19980225MIRER,Rifle
19980227VAMAF,Rifle
19980324ARWEJ,Unknown
19980325CAFED,Handgun
19980325MICOC,Shotgun
19980330NCGRC,Handgun
19980331WIOAO,Rifle
19980423CACUL,Unknown
19980424PAPAE,Handgun
19980428CAPHP,Handgun
19980428WIPAP,Handgun
19980501FLNOM,Unknown
19980501NYPUB,Handgun
19980519TNLIF,Rifle
19980521CARIR,Handgun
19980521ORTHS,Handgun
19980521ORTHS,Handgun
19980521ORTHS,Rifle
19980521WAONO,Handgun
19980527CAWAP,Unknown
19980529FLSTF,Handgun
19980615VAARR,Handgun
19980911CAHEG,Unknown
19980930FLLEL,Handgun
19980930FLNOM,Unknown
19981103PAMAP,Rifle
19981130NYHAH,Handgun
19981203INERG,Handgun
19981211INBEI,Handgun
19990108GACEC,Handgun
19990114NYHAN,Handgun
19990121TXRIN,Handgun
19990211ILOME,Handgun
19990211MSJEP,Unknown
19990304ILNIS,Handgun
19990416IDNON,Shotgun
19990420COCOL,Handgun
19990420COCOL,Rifle
19990420COCOL,Shotgun
19990420COCOL,Shotgun
19990422GAMAA,Handgun
19990422LASCB,Handgun
19990520GAHEC,Handgun
19990520GAHEC,Rifle
19990825GAJAM,Unknown
19990909CASAS,Handgun
19990927FLEGT,Unknown
19991004SDJOP,Handgun
19991011NVCLL,Handgun
19991021CASAP,Handgun
19991026PAMAP,Unknown
19991026WVGUB,Unknown
19991117TXDID,Rifle
19991119NMDED,Handgun
19991206OKFOF,Handgun
20000110AKBAA,Handgun
20000113NMALA,Handgun
20000119FLRIN,Handgun
20000120NCERA,Rifle
20000126CAALM,Handgun
20000126NESOO,Unknown
20000210PAPEY,Handgun
20000214ILDUC,Handgun
20000229MIBUF,Handgun
20000310GABES,Unknown
20000323OHMCL,Handgun
20000406OKHUH,Handgun
20000410AZLAT,Handgun
20000502COTHD,Unknown
20000510AZCAS,Handgun
20000526FLLAL,Handgun
20000717WADIR,Handgun
20000726OHTIC,Unknown
20000905OHBIB,Unknown
20000907ILLOR,Handgun
20000918OHMOM,Handgun
20000926LACAN,Handgun
20001005MNMIM,Unknown
20001024AZPIG,Handgun
20001101TXNEC,Handgun
20001201CAGRL,Handgun
20001201CAJUS,Unknown
20001207CARIR,Unknown
20001221FLNOM,Unknown
20010103CABAS,Handgun
20010110CAHUO,Handgun
20010117MDLAB,Handgun
20010202MIOSD,Unknown
20010302CAHOS,Unknown
20010305CASAS,Handgun
20010306MDLAL,Handgun
20010307PABIW,Handgun
20010307WAKEC,Handgun
20010322CAGRE,Unknown
20010330INLEG,Handgun
20010402TXKLH,Handgun
20010410WAWAM,Rifle
20010420LAMOM,Handgun
20010425OHJOC,Unknown
20010515TXENE,Handgun
20010607TXOUA,Handgun
20010730CABEL,Handgun
20010912KYLAC,Handgun
20010921MDLAB,Handgun
20011012UTTAT,Handgun
20011026CARER,Handgun
20011026MIBES,Handgun
20011112MICAC,Unknown
20011130TXFRF,Handgun
20020111MSRAJ,Unknown
20020115NYMAN,Handgun
20020124PAOLO,Rifle
20020201TXBRB,Handgun
20020206CAGAL,Handgun
20020207ILROC,Handgun
20020322CAJOC,Handgun
20020406MDLEB,Handgun
20020426LAABN,Handgun
20021004MTCMG,Handgun
20021004TXPAS,Handgun
20021007MDBEB,Rifle
20021029NJLIJ,Handgun
20021107MOSTL,Handgun
20021115CAAML,Unknown
20021115TXSCS,Shotgun
20021202MIOSD,Handgun
20021212WAWIC,Rifle
20021216ILENC,Handgun
20030121KYWEO,Handgun
20030130OKJEJ,Handgun
20030205CORAW,Handgun
20030318IACLG,Rifle
20030321MSNOM,Handgun
20030330CAROW,Handgun
20030401DCCAW,Handgun
20030414LAFAS,Handgun
20030414LAJON,Multiple Rifles
20030416TXGRA,Unknown
20030424PARER,Multiple Handguns
20030513PAFOJ,Unknown
20030910MSVIV,Handgun
20030917MACHB,Handgun
20030917MDOKE,Handgun
20030922WALES,Handgun
20030924MNROC,Handgun
20030925NCBUL,Handgun
20031001CARIS,Shotgun
20031007OHKEA,Handgun
20031029LAMAM,Handgun
20031030DCANW,Handgun
20031108TXHIS,Handgun
20031113NCEAC,Handgun
20031202ILFEC,Handgun
20031204OKDOO,Handgun
20031205ILCAC,Handgun
20031217MDOLM,Handgun
20031222NJCOW,Handgun
20031229FLABE,Unknown
20040115CAPOP,Handgun
20040121NVFAH,Handgun
20040202DCBAW,Handgun
20040203TXYOH,Handgun
20040206LAFAS,Handgun
20040209NYCOE,Shotgun
20040211PATMP,Unknown
20040213OHCOD,Handgun
20040220LAGAS,Handgun
20040305CASAL,Unknown
20040317WACRJ,Rifle
20040504TXKAH,Unknown
20040507MDRAR,Handgun
20040512CAEAM,Shotgun
20040524UTWES,Handgun
20040609CACAO,Unknown
20040803ALHUB,Handgun
20040824TNHAM,Handgun
20040830ILPRM,Handgun
20040912LABON,Handgun
20040915INWIG,Handgun
20041002NEJEG,Handgun
20041007MANEN,Shotgun
20041012CALAS,Handgun
20041015CABIB,Unknown
20041021MDTHB,Handgun
20041022CATYH,Unknown
20041115ALPAB,Handgun
20041115INBRG,Unknown
20041116SCBAB,Handgun
20041117FLAPA,Handgun
20041119FLTEJ,Handgun
20041209WALAS,Unknown
20041213LALAL,Handgun
20041231TXRIR,Handgun
20050105PAMUN,Handgun
20050126ILWOP,Handgun
20050204GAMCA,Handgun
20050208ILBOC,Unknown
20050302TNSTD,Handgun
20050309TNMAN,Handgun
20050310TXZAD,Handgun
20050314OHLEC,Handgun
20050316PACAP,Rifle
20050317CALOL,Handgun
20050317LAOPA,Handgun
20050321MNRER,Handgun
20050321MNRER,Shotgun
20050321NYNEB,Handgun
20050324TNFAM,Handgun
20050330TNEAM,Handgun
20050407TXCAC,Handgun
20050427LALER,Handgun
20050429OHDAC,Unknown
20050514TXBER,Handgun
20050517PAHIL,Handgun
20050520ILLOM,Other
20050524COACD,Other
20050524LABOS,Handgun
20050608NYARP,Other
20050612NJBAA,Handgun
20050718NJWEN,Handgun
20050816VICOE,Unknown
20050817CAPLB,Handgun
20050819GAMOM,Handgun
20050825TNMAD,Handgun
20050901AKDIA,Handgun
20050902FLSOJ,Handgun
20050913ILHAC,Handgun
20050924MISAS,Unknown
20051011MIFAF,Shotgun
20051014NYSAN,Handgun
20051019CASAS,Unknown
20051020MISAS,Handgun
20051027CABIF,Unknown
20051028MDANA,Handgun
20051028NYFAF,Handgun
20051108TNCAJ,Handgun
20051115FLPAM,Handgun
20051116TXIRS,Handgun
20051205MABOR,Handgun
20051206CASAG,Handgun
20051206MICED,Handgun
20060103NJLIJ,Handgun
20060110DEMOW,Handgun
20060111WIMAM,Unknown
20060113ALPIP,Handgun
20060113FLMIL,Rifle
20060113MIOSD,Handgun
20060118MTFRA,Other
20060118TXPAA,Handgun
20060118VAINC,Handgun
20060119OHWIC,Unknown
20060123CAWIV,Handgun
20060127TXLAG,Handgun
20060130MTCMG,Handgun
20060203CALOC,Handgun
20060209DEWIN,Handgun
20060215PAWEY,Handgun
20060221PAWEP,Rifle
20060223ORROR,Handgun
20060310NYISN,Other
20060314NVPIR,Handgun
20060405DCROW,Unknown
20060418TXWEH,Handgun
20060424NCEAC,Shotgun
20060505FLPAM,Handgun
20060522SCBUI,Handgun
20060525PANON,Rifle
20060605CAVEL,Handgun
20060606INWIG,Handgun
20060615MIPED,Handgun
20060731FLYOT,Handgun
20060815KYJTV,Handgun
20060817TXMEA,Handgun
20060819OHSOY,Handgun
20060820GALYH,Handgun
20060821INCAN,Handgun
20060824VTESE,Handgun
20060829DCANW,Handgun
20060830NCORH,Unknown
20060831ALOXO,Handgun
20060905TNKIM,Handgun
20060908TXSOF,Handgun
20060913MOWEC,Handgun
20060921DCCAW,Handgun
20060927COPLB,Multiple Handguns
20060929WIWEC,Unknown
20061002PAWEN,Unknown
20061009MOMEJ,Rifle
20061010NYPOP,Other
20061012MDGRB,Handgun
20061017TXSEK,Unknown
20061031TNHAK,Handgun
20061111CALIO,Handgun
20061122GASAA,Handgun
20061201NCJOT,Handgun
20061207NENOO,Handgun
20061211ILCLC,Handgun
20061212PASPS,Rifle
20061213PABAB,Other
20061214PAMCC,Rifle
20070102NCWEF,Handgun
20070103WAHET,Handgun
20070104MINOD,Unknown
20070108OHROC,Multiple Handguns
20070109CAGRV,Unknown
20070109NVWEL,Handgun
20070118PAWIP,Handgun
20070124TNHAS,Handgun
20070131ILHIC,Handgun
20070207FLPAJ,Handgun
20070208ORCRP,Handgun
20070208TXSTP,Other
20070226CASLA,Other
20070227GACLA,Other
20070307CACEC,Handgun
20070307MIHEM,Handgun
20070307TXGRG,Unknown
20070308TNEAC,Handgun
20070323FLUNO,Other
20070327CTSAH,Handgun
20070329SCMYM,Handgun
20070410ILCHC,Handgun
20070410ORSPG,Rifle
20070418NCNOH,Handgun
20070503OHGED,Other
20070504TXTIE,Handgun
20070510MIHED,Unknown
20070512TXWEM,Shotgun
20070515TXLIL,Handgun
20070523RIOAC,Other
20070530NCVAG,Other
20070531NCNOG,Other
20070617SCBRB,Handgun
20070628TXDAD,Handgun
20070709ILCAC,Unknown
20070804NJMON,Handgun
20070928CALAO,Handgun
20070930AZSSP,Unknown
20071001CTPLM,Other
20071010OHSUC,Multiple Handguns
20071024TNMAM,Handgun
20071105LAJOR,Handgun
20071126NYHOH,Handgun
20071221CABAU,Unknown
20080204TNHAM,Handgun
20080211TNMIM,Handgun
20080214CAEOO,Handgun
20080306ALDAM,Handgun
20080416CAROF,Handgun
20080516LAMAT,Unknown
20080811WAWAK,Handgun
20080814WALAF,Handgun
20080821TNCEK,Handgun
20080902OHSOW,Handgun
20080915CAMIS,Handgun
20080919CAGEA,Unknown
20081016MIHED,Unknown
20081020CAVAA,Handgun
20081023ALPRP,Handgun
20081029CAELG,Other
20081031MESTS,Unknown
20081103CABEB,Handgun
20081103CAELO,Other
20081112FLDIF,Handgun
20081115COTHL,Handgun
20081115UTDES,Handgun
20081118CACEC,Handgun
20081118CACOO,Handgun
20081125TXNOH,Unknown
20081130CAOAG,Handgun
20081202CAKIK,Handgun
20081205MNSHF,Handgun
20081212NCGUA,Handgun
20081212NYWIM,Handgun
20081221SCSUS,Handgun
20081222FLLAL,Handgun
20081227PAWIP,Unknown
20081231GASHS,Shotgun
20081231OKKEN,Unknown
20090108DEWIN,Handgun
20090109ILDUC,Handgun
20090114ILPEC,Unknown
20090120ILCOC,Handgun
20090120MIBEM,Multiple Handguns
20090120PAEAE,Handgun
20090123ILCAC,Handgun
20090127NCCLC,Handgun
20090210CABAE,Handgun
20090211NCSCZ,Handgun
20090217MICED,Handgun
20090220CAJOH,Shotgun
20090223CTBRN,Handgun
20090302SDROS,Other
20090306NCWEF,Unknown
20090310FLRIJ,Handgun
20090311TXCYH,Handgun
20090413CALOL,Handgun
20090501WISHS,Unknown
20090505NYCAC,Shotgun
20090518LALAL,Handgun
20090615CAINS,Handgun
20090624IAAPP,Handgun
20090827NCWEF,Handgun
20090908CTSTS,Handgun
20090916VAVIG,Handgun
20091008NYMAM,Rifle
20091016SCCAC,Handgun
20091030CAWIL,Shotgun
20091106PAHAW,Handgun
20091211LABOS,Handgun
20100120ALLIL,Unknown
20100205ALDIM,Handgun
20100210TNINK,Handgun
20100223CODEL,Rifle
20100226WABIT,Unknown
20100428VAWOP,Handgun
20100518CASOS,Handgun
20100830TNSUB,Handgun
20100908MIMUD,Unknown
20100921SCSOC,Handgun
20101001CAALS,Unknown
20101008CAKEC,Handgun
20101023KSTOT,Handgun
20101129WIMAM,Handgun
20101206COAUA,Handgun
20110104INCRC,Other
20110105NEMIO,Handgun
20110118CAGAL,Handgun
20110202CALOP,Handgun
20110325INMAM,Handgun
20110330TXWOH,Handgun
20110413FLSHA,Handgun
20110419TXBEH,Handgun
20110517WAHOE,Handgun
20110523HIHIP,Handgun
20110923WAISS,Rifle
20110930NCGAC,Handgun
20110930ORWIP,Handgun
20110930ORWIP,Shotgun
20111024NCCAF,Rifle
20111212TXHAE,Rifle
20111228MINOF,Handgun
20120104TXCUB,Handgun
20120110TXNOH,Handgun
20120210NHWAW,Shotgun
20120222WAARB,Handgun
20120227OHCHC,Handgun
20120306FLEPJ,Rifle
20120315ALLEM,Handgun
20120401ARKIR,Handgun
20120525AZWEA,Handgun
20120525NCMAC,Handgun
20120706RINAP,Unknown
20120816TNHAM,Unknown
20120824GABAH,Handgun
20120827MDPEP,Shotgun
20120907ILNON,Handgun
20120926OKSTS,Handgun
20121012NDFAF,Handgun
20121019ILBAC,Unknown
20121210TXSPH,Handgun
20121214CTSAN,Handgun
20121214CTSAN,Handgun
20121214CTSAN,Rifle
20121214CTSAN,Shotgun
20130107FLAPF,Unknown
20130110CATAT,Shotgun
20130111MIOSD,Unknown
20130131GAPRA,Handgun
20130201MIMAD,Handgun
20130213CAHIS,Handgun
20130227GAGRA,Handgun
20130321MIDAS,Handgun
20130416TXTET,Handgun
20130429OHLAC,Handgun
20130430NMTUT,Rifle
20130513ALOSB,Handgun
20130523FLREH,Handgun
20130618NCHIC,Multiple Handguns
20130619FLALW,Handgun
20130815TNNOC,Handgun
20130820GAROD,Rifle
20130822TNWEM,Handgun
20130823MSNOS,Unknown
20130830NCCAW,Handgun
20130927ILROC,Handgun
20130928MENEG,Unknown
20131002NHWIS,Other
20131004FLAGP,Unknown
20131015TXLAA,Handgun
20131021NVSPS,Handgun
20131023CANEC,Rifle
20131101IAALA,Unknown
20131103GASTL,Unknown
20131113PABRP,Handgun
20131204FLWEW,Handgun
20131213COARC,Shotgun
20131219CAEDF,Handgun
20140109TNLIJ,Handgun
20140113CTHIN,Handgun
20140114LASTB,Handgun
20140114NMBER,Shotgun
20140114PAKIL,Handgun
20140117PADEP,Handgun
20140127ILREC,Handgun
20140128HIPRH,Handgun
20140131AZCEP,Unknown
20140131IANOD,Unknown
20140207ORBEB,Rifle
20140210NCSAS,Handgun
20140211OHCHL,Handgun
20140220MIRAR,Handgun
20140307LAMAT,Handgun
20140312FLACM,Handgun
20140325GABEC,Handgun
20140403NJUNN,Unknown
20140409NCDHG,Handgun
20140410OHLIC,Handgun
20140411MIEAD,Unknown
20140421INSTG,Unknown
20140421UTPRP,Handgun
20140503WAHOE,Unknown
20140514CAJOR,Unknown
20140521WICLM,Handgun
20140610ORRET,Handgun
20140610ORRET,Rifle
20140623MOKEB,Handgun
20140813MDHEF,Unknown
20140814VASAN,Shotgun
20140909FLSTM,Unknown
20140910FLGRL,Handgun
20140911UTWET,Handgun
20140919IANOD,Shotgun
20140925NHWEM,Other
20140930KYFEL,Handgun
20140930NCALA,Handgun
20141003GALAF,Handgun
20141021TNAMM,Handgun
20141024GALAA,Handgun
20141024WAMAM,Handgun
20141120FLMIM,Handgun
20141212ORROP,Handgun
20141216PASUP,Unknown
20141217MEBEW,Handgun
20141217MIGOW,Handgun
20150115WIWIM,Handgun
20150116FLVAO,Handgun
20150120ALWIM,Handgun
20150122SCROH,Handgun
20150126MNHAR,Handgun
20150204MDFRF,Handgun
20150215ARLAL,Unknown
20150215CATEM,Unknown
20150330MOPEU,Unknown
20150417TXSES,Unknown
20150422NVRUL,Handgun
20150427WANOL,Handgun
20150428MDDRW,Handgun
20150504OHWIC,Unknown
20150505GACOC,Handgun
20150512AZCOT,Handgun
20150512FLUNJ,Handgun
20150520TXROR,Unknown
20150524MISOF,Unknown
20150527FLEVE,Handgun
20150604NCSOF,Multiple Handguns
20150623NEFOF,Handgun
20150627CTSAH,Unknown
20150629TXJOS,Handgun
20150705TXCOD,Handgun
20150724TXELC,Handgun
20150808TXPAP,Handgun
20150823TXWIR,Handgun
20150825GAWSA,Handgun
20150903ORNEN,Unknown
20150911LANOL,Unknown
20150922NCCES,Handgun
20150930SDHAH,Handgun
20151015TXKAS,Handgun
20151024TXEDS,Unknown
20151105GAVEM,Handgun
20151111ARSUS,Handgun
20151120FLNAM,Handgun
20151204KSWEW,Handgun
20160112DECED,Handgun
20160113ARHAB,Handgun
20160120INNOI,Handgun
20160122INLAI,Handgun
20160129PABEP,Handgun
20160209MIMUM,Handgun
20160212AZING,Handgun
20160217FLROH,Handgun
20160217PACHC,Handgun
20160226TXPAP,Handgun
20160229OHMAM,Handgun
20160315ALHUB,Handgun
20160423WIANA,Rifle
20160502TXKID,Handgun
20160504COEAP,Handgun
20160505MDHIB,Handgun
20160506FLOSP,Handgun
20160506IDROT,Handgun
20160513SCSOG,Handgun
20160515KSAUA,Handgun
20160608MAJED,Unknown
20160616ILMCC,Unknown
20160630CAWOH,Unknown
20160725MOAVA,Handgun
20160817OHWEC,Handgun
20160819FLSOM,Handgun
20160902OKMCT,Handgun
20160907MIDED,Unknown
20160908TXALA,Handgun
20160909IACEC,Handgun
20160909PASMY,Handgun
20160926MSTAJ,Handgun
20160927OHELC,Rifle
20160928SCTOT,Handgun
20160930ILCHC,Unknown
20161006TXDUF,Unknown
20161011ALVIM,Unknown
20161013OHLIC,Multiple Handguns
20161015GABEA,Unknown
20161018CAJUS,Unknown
20161025UTUNS,Handgun
20161102COGRG,Unknown
20161103COBEB,Unknown
20161111MIBAA,Handgun
20161117MNCRS,Handgun
20161201UTMUB,Shotgun
20161209MOBAS,Handgun
20161209NVHUR,Handgun
20170101DELAH,Handgun
20170110ALALA,Handgun
20170117FLFRE,Unknown
20170120OHWEW,Shotgun
20170127SCSOA,Handgun
20170206LASCB,Handgun
20170218MNMAM,Handgun
20170316ALROM,Handgun
20170321CAKIK,Handgun
20170328PALIP,Handgun
20170410CANOS,Handgun
20170415OKBOT,Unknown
20170515LAMOL,Handgun
20170523TXKEK,Handgun
20170524ALGRG,Handgun
20170524NEMCO,Unknown
20170526OKMCT,Handgun
20170616ILWAC,Handgun
20170622SCWIF,Handgun
20170719WIHIM,Handgun
20170721UTSPS,Handgun
20170801GABAV,Handgun
20170817GALIL,Unknown
20170831CAARS,Handgun
20170908ARNON,Unknown
20170908OHCOC,Handgun
20170913WAFRR,Handgun
20170913WAFRR,Rifle
20170920ILMAM,Handgun
20170928KYSOL,Unknown
20170929CASUL,Other
20170929MOLEL,Unknown
20170930PAPUC,Handgun
20171012NCCHC,Handgun
20171014NCKEK,Handgun
20171020OHSTT,Handgun
20171027NYPRU,Unknown
20171103MIPAL,Handgun
20171109GABEC,Handgun
20171110GALAM,Handgun
20171114CARAR,Handgun
20171114CARAR,Handgun
20171114CARAR,Rifle
20171114CARAR,Rifle
20171114FLLAM,Handgun
20171117TNNOJ,Unknown
20171123COMAD,Unknown
20171128CABOS,Shotgun
20171129OHBAL,Handgun
20171130VASAV,Unknown
20171207NMAZA,Handgun
20171209ILCHC,Handgun
20171211NCHIH,Handgun
20171212TXSAP,Unknown
20171214TXELD,Handgun
20171219MIBEB,Handgun
20171227CALIL,Handgun
20171231LAEDA,Unknown
20171231WAPIM,Unknown
20180104WANES,Unknown
20180105IAFOF,Other
20180109AZCOS,Handgun
20180116VTMOM,Handgun
20180122LANEN,Unknown
20180122TXITI,Handgun
20180123KYMAB,Handgun
20180125ALMUM,Handgun
20180126MIDED,Unknown
20180131PALIP,Unknown
20180201CASAL,Handgun
20180205MDOXO,Handgun
20180205MNHAM,Handgun
20180208NYTHN,Handgun
20180209TNPEN,Handgun
20180214FLMAP,Rifle
20180215FLNOC,Handgun
20180220OHJAM,Rifle
20180226WAOAT,Handgun
20180228GADAD,Handgun
20180305MOKIC,Unknown
20180307ALHUB,Handgun
20180309KYFRL,Handgun
20180313CASES,Handgun
20180313VAGEA,Handgun
20180316MTBIM,Handgun
20180319VADOP,Unknown
20180320MDGRG,Handgun
20180328MSEUE,Handgun
20180329KYJOE,Handgun
20180409NYGLG,Handgun
20180412MORAR,Handgun
20180419MIJAJ,Handgun
20180420FLFOO,Shotgun
20180423GABEA,Handgun
20180503SDENW,Unknown
20180503TNWAW,Unknown
20180505MIFOF,Handgun
20180511CAHIP,Rifle
20180516ILDID,Rifle
20180517MOCEK,Handgun
20180518GAMOA,Handgun
20180518TXSAS,Handgun
20180518TXSAS,Shotgun
20180521GABEG,Unknown
20180525INNON,Handgun
20180525INNON,Handgun
20180601TXMCM,Unknown
20180615OHVAB,Unknown
20180617ORGRP,Unknown
20180621TXSKD,Unknown
20180624MTSEM,Handgun
20180625OHFUS,Handgun
20180701TNRAM,Unknown
20180703KSSUO,Handgun
20180711OHMIM,Unknown
20180717WVHUH,Handgun
20180719WAWEY,Unknown
20180804MDEDE,Unknown
20180809NJLAM,Unknown
20180811TNANN,Handgun
20180817FLPAW,Handgun
20180823ALALM,Handgun
20180824FLRAJ,Handgun
20180824ILMEC,Unknown
20180828COCOD,Handgun
20180829DETOD,Unknown
20180830MIOTG,unknown
20180830NCVIC,Handgun
20180831CABAS,Handgun
20180831IANOE,Handgun
20180903NYLUN,Handgun
20180905RIPRP,Handgun
20180907IAHED,Unknown
20180909CAGIG,Handgun
20180910ILCHC,Handgun
20180910TNFAM,Unknown
20180911NVCAL,Handgun
20180914FLBOB,Handgun
20180914WAMAE,Handgun
20180917ALBLH,Handgun
20180920CACHL,Handgun
20180920CAPOP,Unknown
20180924GAAPB,Handgun
20180924NCLAC,Handgun
20180924PACEP,Handgun
20180926MDMAB,Handgun
20180927TXHEC,Handgun
20180928SDCHC,Handgun
20181002ARCHL,Handgun
20181003AKDEA,Handgun
20181004ORJAP,Handgun
20181005TNHAB,Handgun
20181005VALAN,Handgun
20181007VAVAH,Handgun
20181012MIBAB,Unknown
20181013TNMCN,Unknown
20181020GASHS,Handgun
20181022CTDUB,Handgun
20181023NHGOM,Other
20181025MICOD,Unknown
20181029NCBUM,Handgun
20181104KYCRL,Handgun
20181105SCACC,Other
20181108CACLS,Unknown
20181109GAGAM,Handgun
20181112MDEAE,Handgun
20181120VASIP,Handgun
20181121MIPEP,Other
20181122TXSKD,Handgun
20181122WAMOD,Handgun
20181124OHAFC,Handgun
20181128PASTP,Unknown
20181210NYJEJ,Handgun
20181211KYCAC,Other
20181213INDER,Handgun
20181213INDER,Rifle
20181214MOWIK,Handgun
20181218DEAIG,Handgun
20190107CACEB,Unknown
20190111ORCAE,Handgun
20190118ALCET,Handgun
20190118MOHAS,Handgun
20190118NCSHD,Unknown
20190119KSLAO,Shotgun
20190123LASOS,Unknown
20190125ALDAM,Handgun
20190125TNMAM,Other
20190130GAMIL,Handgun
20190131TNMAM,Other
20190131TXATA,Handgun
20190205MNMIM,Handgun
20190208MDFRB,Handgun
20190212MOCEK,Handgun
20190214NMV.R,Handgun
20190217COEAA,Handgun
20190226ALROM,Handgun
20190301KSHIM,Handgun
20190313FLLAO,Handgun
20190322ALBLB,Handgun
20190327MSSVH,Handgun
20190401ARPRP,Handgun
20190403COAUA,Handgun
20190403FLSAJ,Unknown
20190405WISTM,Handgun
20190407MAHOL,Unknown
20190410TXROH,Unknown
20190417ILWAL,Handgun
20190424ARCOC,Handgun
20190425GAWYS,Handgun
20190426GACRF,Handgun
20190430FLWEW,Handgun
20190430VACDW,Handgun
20190507COSTH,Multiple Handguns
20190508ILSEC,Handgun
20190517FLTEJ,Handgun
20190517ORPAP,Shotgun
20190530DCHEW,Handgun
20190606ILGEC,Handgun
20190610ILMEW,Handgun
20190612DCHEW,Handgun
20190612PAJEE,Handgun
20190613NJTAW,Handgun
20190621MICAF,Handgun
20190629COJAC,Handgun
20190701NYSCN,Handgun
20190702AKWIA,Handgun
20190711CTBUH,Unknown
20190719CAMOS,Other
20190808ALBLM,Handgun
20190815TNEAN,Handgun
20190817GALAA,Handgun
20190820PASAC,Handgun
20190823GAPEC,Unknown
20190823MOPAS,Handgun
20190823MOROS,Unknown
20190824PAWIP,Handgun
20190827CAHOL,Unknown
20190827NYROR,Handgun
20190830ALLAM,Handgun
20190830NCKIK,Handgun
20190830OHCET,Handgun
20190902MDNOB,Unknown
20190906ALCEC,Unknown
20190906PAMCJ,Handgun
20190906PAWEM,Unknown
20190910SCSOA,Handgun
20190912KSMAM,Unknown
20190913UTGRW,Handgun
20190913VAETN,Handgun
20190914TXEAF,Handgun
20190916ILILK,Unknown
20190916VAPHH,Handgun
20190920PASIP,Handgun
20190927NCZEC,Handgun
20191002GASOA,Handgun
20191008COSHS,Handgun
20191008TXWEH,Unknown
20191009MAGRL,Other
20191011LARAR,Handgun
20191015LAGEN,Handgun
20191018GACRS,Handgun
20191018OHWOT,Unknown
20191022CARIS,Handgun
20191027MDLAL,Handgun
20191029NYNEN,Handgun
20191108CAEDS,Unknown
20191108TXROD,Unknown
20191111MDACB,Handgun
20191113CAESL,Unknown
20191114CASAS,Handgun
20191115NJPLP,Handgun
20191121ILRIO,Other
20191124CASEU,Unknown
20191125ILCAC,Handgun
20191126WASAV,Handgun
20191201ALMOM,Handgun
20191202WIWAW,Handgun
20191203WIOSO,Handgun
20191203WITHM,Other
20191204NMPIL,Handgun
20191210ALDED,Handgun
20191210KSJCK,Unknown
20191210NJSAJ,Unknown
20191211INEVE,Other
20191211KSCHT,Other
20191213VAMAN,Handgun
20191216CTCAN,Handgun
20191219FLLEN,Unknown
20191221LAWES,Handgun
20191228MOMAS,Unknown
20200107WASOK,Other
20200108FLGLB,Handgun
20200110MSMCJ,Other
20200111TXELD,Handgun
20200114TXBEH,Handgun
20200114TXPOM,Handgun
20200117MITHH,Handgun
20200117SCCAS,Unknown
20200119TXNOF,Multiple Handguns
20200121ILLIC,Handgun
20200121NEPAL,Other
20200123CAOXO,Handgun
20200127WAROY,Handgun
20200128NYMAQ,Handgun
20200128TNWHM,Handgun
20200128TXLUL,Handgun
20200131CADEA,Handgun
20200201TXHIH,Handgun
20200203FLGEJ,Handgun
20200204LABEA,Rifle
20200205NHSEC,Handgun
20200212MOJOF,Handgun
20200215DCDUW,Unknown
20200221NMCEA,Unknown
20200302TXNOF,Handgun
20200305FLSAW,Handgun
20200310PASHN,Unknown
20200313TNPIR,Handgun
20200315TXATH,Handgun
20200318LABOS,Handgun
20200324LAROM,Handgun
20200330GANAS,Handgun
20200413NEMOO,Handgun
20200505CAGOV,Unknown
20200515NCSTC,Handgun
20200519VAWEM,Handgun
20200522OHMIC,Unknown
20200525ALORM,Handgun
20200527OHLUC,Handgun
20200603IAGAD,Unknown
20200616FLTOM,Unknown
20200701ILFRP,Handgun
20200704INLAM,Handgun
20200714MIWID,Handgun
20200721SCBRO,Handgun
20200727AZCAO,Handgun
20200804PAKEP,Handgun
20200729ILCOC,Handgun
20200817MIABG,Handgun
20200825MOWEC,Handgun
19850418TNSOS,Handgun
20190522OHSAC,Handgun
20200830TXLOD,Handgun
20200630OHLAW,Rifle
20200915UTVIB,Shotgun
20200915SCYOR,Other
20200921CAPLP,Rifle
20200909PAWEW,Handgun
20200923FLHIJ,Other
20200923PAWIW,Handgun
20200924ILMCS,Other
20200924CAWAC,multiple Handguns
20200924CAWAC,Multiple Rifles
20200925ILROR,Handgun
20190127NVRER,Handgun
20150521FLDUJ,Handgun
20190918MNFOC,Handgun
20130131GAPRA,Handgun
20201005OKSOM,Other
20201005ARKIH,Handgun
20201009FLJEJ,Handgun
20201012TXNOD,Handgun
20161216FLSAJ,Other
20190327FLMAJ,Other
20190927CADER,multiple Handguns
20201012MNSHS,Shotgun
20201014PABRB,Other
20201014WAWAS,multiple Handguns
20201002PAMAE,Other
20201020ARJAP,Handgun
20160928TNSYP,Handgun
20201113NCLIL,Handgun
20201116TNWIM,Handgun
20201117TXWEW,Handgun
20201026GARIR,Handgun
20201117MTGRG,Other
20201124NCHEH,Handgun
20201125KSABG,Handgun
20201211VATAY,Handgun
20201229WAROS,Handgun
20210121OHEAC,Handgun
20210121OKLOG,Handgun
20210127FLHOH,Other
20210201MIMUD,Handgun
19900906GASOC,Rifle
19900906GASOC,Shotgun
19900906GASOC,Handgun
20201225FLYOP,Handgun
20210210NJSCP,unknown
20210210TXFOF,unknown
20210208MISCG,unknown
20210205MDBEM,unknown
20210114MDHIW,unknown
20210110ILSOS,unknown
20210210LASTS,unknown
20210214MNROM,unknown
20210127MSHAH,Handgun
20210216NCTHS,Other
20210217TNKNK,unknown
20210219ILLIR,unknown
20210222CAHOV,unknown
20210224WAGAY,Handgun
20210226LAGEN,Handgun
20210301ARWAP,Handgun
20210308SCEDC,Handgun
20210309TNSAK,Handgun
20210309OHBIC,unknown
20210311OHCIC,unknown
20210313TXLEA,Handgun
20210318KYGRL,Handgun
20210319WVSPM,Other
20210324ORFOS,Handgun
20180803IALIO,Handgun
20210326MOCAS,Handgun
20210327MAPEC,unknown
20210401OKCLC,Other
20210401ALSES,Handgun
19790226CABAB,Handgun
20210104NYPEJ,Handgun
20210407ILPEP,Handgun
20210315INMEM,multiple Handguns
20210406ILBAC,Other
20210412TNAUK,unknown
20210411INBIH,Handgun
20210412CASAS,Rifle
20210412CASAS,Handgun
20210413TNMAC,Handgun
20170415ORMEP,Handgun
20210418OHWED,Handgun
20210420TXHAH,Handgun
20210426MNPLP,Handgun
20210427TNLAM,Handgun
20210427DESMS,Handgun
20210429NYURB,multiple Handguns
20210429CAVIV,Handgun
20210430INMAI,Handgun
20210501MNBES,multiple Handguns
20210502ILCHC,multiple Handguns
20210506IDRIR,Handgun
19890209IDRIR,Handgun
20210506SCFOC,Rifle
20210505MICRC,Handgun
20210505SCWAW,Handgun
20210514CASAS,Handgun
20210511CAVEL,Other
20210517TNAUM,Handgun
20210517MDLOC,multiple Handguns
20210511NYPSB,Handgun
20210525NJPAP,Rifle
20210601ILLIC,Handgun
20210606VADRA,multiple Handguns
20210607TXEAF,Handgun
20210608KSHAK,unknown
20210609TXNOH,Handgun
20210609VAWIR,Handgun
20210610CTHOW,multiple Handguns
20210612MOMCF,Handgun
20210613PAWIP,Handgun
20210613PAPAC,unknown
20210614TXEAF,Handgun
20210614NCRJW,Handgun
20210614NCRJW,Rifle
20210614NCROR,multiple Handguns
20210620CAGRM,Handgun
20210624ILABR,unknown
20210608PAMUS,Handgun
20210628CASLF,unknown
20210704NYDRR,unknown
20210708ILBEC,Handgun
20210709KSCAW,Handgun
20210718ARFOL,Handgun
20210719TXCAC,Other
20210721ILTHC,unknown
20210727WATYS,Handgun
20210517TXBRE,Other
20210806LASTH,Handgun
20210807ORGIP,unknown
20210805GACHD,unknown
20210811COMAC,unknown
20210810OHEAC,Handgun
20210812CANOS,Handgun
20210812GALIL,Handgun
20210813NMWAA,Handgun
20210811CAOAO,Handgun
20210813GACAS,Handgun
20210814ILMAC,unknown
20180425NMHIA,Handgun
20210814SCDAH,Other
20210818SCORO,Handgun
20210818SCORO,Handgun
20210815VAROD,Handgun
20210820NEMIO,unknown
20210820CACEF,Handgun
20210822ILWER,Handgun
20170813NYHUH,unknown
20210901NCMTW,Handgun
20210830NCNEW,Handgun
20210827INHAH,Handgun
20210826OHNOT,Handgun
20210826NYHAH,Handgun
20210828CASAS,Handgun
20210902ARLIL,Handgun
20210907PAHAH,Handgun
20210907TNLAL,Handgun
20210907MAOMG,Other
20210908MNPRB,multiple Handguns
20210909ILCHC,Handgun
20210909MITRF,Handgun
20210902INWEG,Handgun
20210903CAMTH,Handgun
20210909NCSHE,unknown
20210910CONOA,Handgun
20210910CASTP,Other
20210903NVDEL,Handgun
20210901ILFRC,Handgun
20210826WAAKS,multiple Handguns
20210827KYAPO,Handgun
20030410CAWAW,Handgun
20210915KYMAL,Handgun
20210915ILCEC,Handgun
20210908ILCEC,Handgun
20210916WIORM,Handgun
20210916UTPRP,Other
20210917NCPAW,Handgun
20210917VAHEH,Handgun
20210917PAWEP,Handgun
20210917GASWS,Handgun
20210918COWIC,Handgun
20210917TNAUK,Handgun
20210914MOMCH,multiple Handguns
20210914TNLAL,Handgun
20210913SCEDC,Handgun
20210902CASAL,Handgun
20210920OHEAC,multiple Handguns
20210920OHEAC,Handgun
20210921GAFRA,Handgun
20210921PAVAP,Handgun
20210920VAHEN,Handgun
20210921OHMIM,Other
20210921KSEAW,Handgun
20210922NYSOB,Handgun
20210922CTLIN,unknown
20210921FLLAL,Other
20210915VASPS,Other
20210924MDWIB,Handgun
20210924ALFAF,unknown
20210924VAESE,Handgun
20210903NCJUC,Handgun
20210903CABUB,Handgun
20210927ILCAC,Other
20210902GAWOS,Handgun
20210902NMALA,multiple Handguns
20210928MESOS,Handgun
20210902CASAL,Handgun
20210830FLOKW,Other
20210830MDNEO,Handgun
20210830NJWEN,Handgun
20210929OHSHS,Handgun
20210924TNSTS,Handgun
20210924TNSTS,Rifle
20210930TNCUM,Handgun
20210827VAFRW,Handgun
20210930MSNEN,Handgun
20190809NJWEN,Handgun
20211001TXYEH,Rifle
20211001INBEI,Handgun
20211001NCSEF,Handgun
20211001NJCHC,Handgun
20211001NCNOD,Handgun
20211004PASCP,Handgun
20211004PASCP,Rifle
20211004OHWOT,Handgun
20211005NDHEH,Handgun
20211005NCGAC,Handgun
20210923IDRIR,Handgun
20211004ILLAC,Handgun
20211006TXTIA,Handgun
20211007PAANP,unknown
20211007DCWAW,Handgun
20211007TXEAW,Rifle
20211012ILWEC,Handgun
20211012ARLIL,unknown
20211007NCEAD,Handgun
20211012OKUNT,Other
20211013ILMCC,unknown
20211008OKCOC,unknown
20211012MIELK,Handgun
20211015ALWIM,Handgun
20211014MEREP,unknown
20211013PACHD,Other
20211015CAKEF,Handgun
20211018PALIP,Handgun
20211011ORROP,Handgun
20211017ARROR,Rifle
20211021GABES,unknown
20211022PAPHP,Handgun
20211021NYPSB,Handgun
20211026MSCAN,Shotgun
20211026ILWIC,Handgun
20211027SCCAS,Handgun
20211030PASTM,Handgun
19920530DCARW,Handgun
20211108NYTHB,Handgun
19930912ALFAF,Handgun
19901110TXJUD,Handgun
20211109NMMEL,Handgun
20211106FLOVO,Handgun
19890901VASAV,multiple Handguns
20211110NYITI,unknown
20211115NYPOP,Handgun
20211119COHIA,multiple Handguns
20211116FLJAJ,unknown
20211119MDGIB,unknown
20211116NYPSB,Handgun
20211124ILTHH,unknown
20211123OHCLC,Handgun
20211126CAWES,Handgun
20211129AZCHP,Handgun
20211130MIOXO,Handgun
20211125SCCEP,unknown
20211202WAGAS,Handgun
20211201TXSAP,Handgun
20211130TNHUH,Handgun
20211130CALOL,Other
20211102NMHIH,Other
20211206CAWIW,Multiple Rifles
20211203ARBLB,Handgun
20211208MOEWK,Handgun
20211207ILHAC,Handgun
20211208KYSTL,unknown
20211206NYSUS,Handgun
20211210NCJEC,unknown
20211209NYGRN,Handgun
20211210OHCAC,Handgun
20211211GAJOG,Handgun
20211211FLEDL,Handgun
20211213NCWEC,Handgun
20211212NYSCR,Handgun
20211213FLEAO,Handgun
20211214VAMEN,Handgun
20211214WISOM,Handgun
20211129ILWER,Handgun
20211216SCEAC,Handgun
20211216NYPSB,Handgun
20200419NCABR,Handgun
20211217TXWOD,Other
19930108PACRM,Handgun
19930203SCGAC,Handgun
19930203SCLEL,Handgun
19920117SCGRG,Handgun
20211229NCCAS,Handgun
19920930CAPAL,Handgun
20220103WACHP,Handgun
20220104ILAUR,multiple Handguns
20220103OHCOC,unknown
20220106CAFLS,Handgun
20220111NMVAA,unknown
20170127ILSCN,Handgun
20220117TXPYH,multiple Handguns
20220119FLSES,Handgun
20220119VAMAP,Handgun
20220119VAMAP,Handgun
20220119DCANW,Handgun
20220121MDMAR,Handgun
20220127TXMOH,Handgun
20220126PABAP,Handgun
20220114MDGAG,Rifle
20220129WIBEB,Handgun
20220124NVSUL,unknown
20220121GAMCA,unknown
20220201MNSOR,unknown
20220201WIRUM,Handgun
20220201WIRUM,Handgun
20220128LACAM,Handgun
20220202KYLOR,unknown
20220204GASOD,Handgun
20220204ALWEB,Handgun
20220208MDCAC,Handgun
20220208NYMOM,Handgun
20220209NYMCB,Handgun
20220209MNMIM,unknown
20220203NCSPS,unknown
20220211DCEAW,Handgun
20220201ILALC,Handgun
20220217WAMCG,Handgun
20220219VACAC,unknown
20220218MATET,Other
20220220OKWIW,Handgun
20220221MDJOH,Handgun
20220220MSMCM,unknown
20220222COLIP,Handgun
20220225NMWEA,Handgun
20220225ALSOH,Handgun
20220223VAWOW,Handgun
20220222TXALH,Handgun
20220214FLLAL,Handgun
20220227DCDUW,Handgun
20220228NYBOB,Handgun
20220303MIJWL,Handgun
20220304KSOLO,Handgun
20220307IAEAD,multiple Handguns
20220309TXNOH,Handgun
20220309FLNOM,Handgun
20220309FLNOM,Rifle
20220310MDCOL,Handgun
20220309NMESE,Other
20220310COROH,Other
20220311OHFAP,Handgun
20220311CADER,Handgun
20220311OHMAM,unknown
20220311WIJER,Handgun
20220310TNHAM,Handgun
20220315WAEIY,multiple Handguns
20220315MATEB,multiple Handguns
20220315MDPAB,Handgun
20220314CAKRP,Handgun
20220313PANEP,unknown
20220313PANEP,unknown
20220316CALOR,Handgun
20220317AKREW,Handgun
20220318ILBAB,Other
20220319ALCEL,Handgun
20220315GAFOF,Handgun
20220321MSLEP,unknown
20220321AZDES,Handgun
20220322VAJAR,Handgun
20220321MIMAK,Handgun
20220322TXWOD,Handgun
20220318RICEP,Other
20220322FLNEN,Other
20220324VARIW,Multiple Rifles
20220325TXROR,Other
20220325TNBRM,Handgun
20220325UTHIS,Handgun
20220325UTHIS,Other
20220328NCOAC,Handgun
20220329NVWEL,Handgun
20220330GABOA,Handgun
20220331PAACP,Handgun
20220328TXNOF,Handgun
20220329VALUR,Handgun
20220330AZKIK,Handgun
20220405PAERE,Handgun
20220406WVRIR,Handgun
20220406ORROP,Handgun
20220410MALYL,Handgun
20220406WASTM,Other
20220411ARPIP,Handgun
20220413MISHS,Other
20220414MSNEP,Other
20220415VAGAW,Handgun
20220403INBLB,multiple Handguns
20220416IAMED,Handgun
20220421NDMOM,Handgun
20220422ORHOS,Handgun
20220422DCEDW,Multiple Rifles
20220422DCEDW,multiple Handguns
20220424MOHAF,Handgun
20220425WIWIM,multiple Handguns
20220426MIASI,Handgun
20220426GASOM,Handgun
20220426GASOM,Other
20220427TXMOS,Handgun
20220427INCOS,Other
20220422CAMOR,Rifle
20220501OHHAC,Handgun
20220501VALOM,Handgun
20220430PAMCJ,Handgun
20220503CAARS,unknown
20220505OHLOL,Handgun
20220505ALDOD,Other
20220509GARIS,Handgun
20220509NYEDS,Handgun
20220511FLJAJ,unknown
20220512TXHEH,unknown
20220513FLALW,Handgun
20220512ARHOH,Handgun
20220513GASOM,unknown
20220515ILMEP,Handgun
20220516TXMEM,Handgun
20220517ILWAC,Handgun
20220517CASAS,unknown
20220515NHBEB,Other
20220518FLPAP,Handgun
20220518TNRIM,Handgun
20220519LAHAH,Handgun
20220519MIEAK,unknown
20220519VAGER,unknown
20220520ILSOP,Handgun
20220520VAPOD,Handgun
20220520TNEAC,unknown
20220520OHCAC,Other
20220520ALMAT,unknown
20220523PASIP,Handgun
20220524TXROU,Multiple Rifles
20220524DCPOW,Handgun
20220526SCMEG,unknown
20220524WIRIM,Handgun
20220526TXDUA,Handgun
20220529ILDAC,Rifle
20220529ILDAC,Handgun
20220530CAHEL,Handgun
20220531LAMON,Handgun
20220601CAULL,Handgun
